Nama;Ulasan
Antonina Suryantari;Tempatnya bagus tetapi agak kotor. Ada limbah tebu yang sepertinya dibuang di sekitar area sehingga ada bau tidak sedap yang tercium. Kalau areanya bersih, akan lebih menyenangkan menghabiskan waktu di sana.
izdiharuddin muhammad;Pemandangan yg indah, adem pula suasanyanya meskipun pinggir laut. Cuman air terjunya hanya ada ketika musim hujan
Novakusuma Bangsa;tempat wisata yg keren dan recomended bgt buat dikunjungi, apalagi kuliner dan es degannya yg bner2 bisa buat kita move on dari mantan?? …
Hendra Susanto;Mantap viewnya bagus banget, terlihat masih asri dan air terjunnya langsung ke pantai
Gabriel Pramana;Pemandangannya bagus tempatnya nyaman. Tetapi sangat di sayangkan dialiran air terjun masih banyak sampah sampah plastik yang berserakan, alangkah lebih baik pengelola dapat membersihkan sampah sampah tersebut agar pemandangan jauh lebih baik lagi
Nur Azizah;"25-10-2021
Tiket masuk 5rb/orang, anak2 free
Batu karang nya sampai hampir ke tengah, air sekitar air terjun agak keruh, tp …"
Adi Purna;"07 november 2020
Unik jg air terjun di pinggir laut
Saran saya kalau ingin lihat airnya bagus jernih berkunjung kesini pas musim …"
muhammad ansani;Tempatnya nyaman lesehan, makanannya lumayan banyak menu yg disajikan tentunya pinggir laut jadi dapat pemandangan sekaligus bisa menyantap hidangan
tri haryadi;2/6/21. Pemandangan di sini bagus karena memadukan air terjun dan laut. Harga tiket masuknya murah, 5k/orang. Tapi perawatan dan pengembangannya kurang. Banyak sampah. Harga parkir juga agak mahal untuk ukuran wisata yang hanya satu obyek, 5k/motor R2. Kalau ada yang mau ditanya, silakan. Jangan lupa like juga.
S Nowo El Mahdy;"Dulu lumayan sering ke sini.
Salah satu destinasi paling favorit kalau hendak hunting foto landscape di Pulau Madura. …"
Nurdin Rizqiansyah;"Wisata air terjun toroan...
Airnya sungai langsung terjun ke laut...
Tempatnya terawat dan bagus dilihatnya...
Tiket 5k/org...
Salam dr jember...
Semoga kedepanya lebih baik lagi dan...
Top dah buat air terjun toroan"
Luki Hidayah;Patut dicoba, masih sangat alami, sebelum masuk infokan ke petugas airnya ada, krn kalau musin kemarau suka kecil debit air terjunnya
ananda alden;"Tempatnya bagus selain air terjun ,diatasnya jg ada rest area.
parkir 5rb+masuk 5rb (hari biasa)"
REANITA PUTRI ARDANA;Kondisi setelah hujan, airnya jadi kecoklatan
N3Y;Pulau Madura ternyata mempunyai obyek wisata air terjun juga, sy pikir Madura hanya mempunyai obyek wisata bukit kapur dan pantai saja. Ternyata Madura mempunyai obyek wisata yang menakjubkan salah satunya adalah air terjun Toroan. …
asan vagez;"Sengkok oreng ketapang cong.. dus nodusih

Sangat TIDAK rekomendasi,. …"
Faisol Munif;Air terjun toroan ini bagus sekali, air terjun yang jatuhnya langsung ke laut. Pemandangan yang indah, bisa menikmati air terjun sekaligus menikmati keindahan laut lepas. Ada beberapa spot untuk foto yang bagus untuk dijadikan tempat untuk …
Indra Susandi;Dari Sumenep ke air terjun yang berada di utara ini benar2 butuh perjuangan. Melewati hutan2 sepi dan perbukitan serta jalannya banyak lubang. Sampai Ketapang sudah malan dan nginap di spbu karena satu2nya homestay sdh full. Pagi2 ke air …
Masagus Imaduddin;"Jarang-jarang ada air terjun di pinggir pantai nih.

Reccomend banget kesini, tapi emang harus sabar di perjalanan, agak jauh memang …"
Herlina Anita;Air terjun toroan terletak di kabupaten sampang. Air terjunnya tdk terlalu tinggi. Pemandangan di sekitar lumayan bagus apalagi kalo saat matahari mau tenggelam. Jalan menuju lokasi medannya baik dan lancar. Di air terjun toroan ini tidak diperbolehkan untuk mandi karena sdh pernah menelan korban jiwa. Tidak bisa buat kemah juga.
Yoshima Putri;"Pas nyampe disana. Pemandangan kalender ini mah. Wkwk
Liat aja foto2 nya bener keren, ini salah satu air terjun yang airnya langsung diterusin ke laut. Waw. Hati2 tapi kalau berenang disini takut keseret ke laut. Tapi selama laut gak pasang, worth it banget lah .. Air tenang, bening kayak kristal ?? …"
RnT;Lokasinya berada di pinggir jalan pantura Madura sehingga sangat mudah dijangkau. Pertama kali sampai, pemandangan laut biru menyambut. Air Terjun Toroan memiliki keunikan menghadap langsung ke laut. Untuk menuju lokasi air terjun kita …
Joko Suprapto;Pemandangan cukup bagus kebersihan lumayan bagus Smg LBH ditingkatkan lagi dg fasilitas yg bagus bisa bersaing dg wisata lainnya
Rahmi Saptarianti;Melipir ke sini...Air Terjun Toroan adalah salah satu air terjun yg indah di Madura, buat saya unik karena air terjun ini langsung mengalir ke laut Utara Jawa. Biasanya kalo pengen liat sunset ke pantai identik sama pasir kan? Nah di Toroan …
moh rasul;Tempatnya bagus tolong di tambahkan tempat buat spot spot foto selain air terjunnya dan taman main untuk anak bisa di rekomendasi kan.
agoest jayadi;Kalau kesini cuma bayar parkir 5 ribu saja... ada warung2  yg siap menyambut anda+toiletnya.... saran saya, jangan mandi di bawah air terjunnya pas..karena kategori dalaaaaam dan bahaya karena karang2 nya tajam2... apalagi bwt yg gkbs berenang... klw kpingin mandi, mending di pantainya saja
Faradina Ilma;Kesana pas airnya deres banget. Tapi keren, bagus pemandangannya
Waskitho Wee;"Secara pemandangan, air terjun ini biasa saja sebenarnya, aku bahkan meragukan kata ""air terjun"" karena tingginya yang cuma beberapa meter saja. Jalan sebentar dari parkiran dan air terjun langsung terlihat, gak butuh treking panjang. …"
candri maulida;Tempat nya baguss,  pantai yang ada air terjun nya..  Untuk biaya masuk 5.000 perorang dan parkir motor hanya 5.000. Kesana paling enak pagi pas air surut jadi bisa foto di spot² yang bagus..
Tamamul Anwar;Suasananya nyaman.  Dari kota sampang ke sini butuh waktu  kurang lebih jam.  Disini terdapat 3 air terjun   1 lebar dan 2 kecil. Rekom buat teman teman yang ada di daerah sekitar sampang.  Bisa buat memajakan mata.  Foto di ambil saat siang hari.  Eh iya harga parkir nya juga standar kok.
Zein Calvin Story;Bagus,tidak perlu jauh jauh jalan dari parkirannya,,biaya masuknya juga cukup murah hanya 10rb untuk 1 mobil.hanya saja tempat parkir disini  panas tidak ada tempat teduh..
Atika Anggiasih;"Nice view. Tp ga sanggup naek turun tangganya sih.
Blm diexplore banget jg soalnya. Letaknya juga di jalur utara madura yg masih baru banget.
Masih sepi tempatnya."
faiqotul isma dwi utami;"Super keren twmpat ini...

Air terjun langsung ke laut lepas
Masuknya free, cma bayar uang parkir motor 5000 aja"
INJ PenaOficial;Tempat sngat strategis, tepat di sebelah jalan raya, pemandangan sangat bagus, apalagi ketika pagi dan sore, ditambah dengan desain cafe yg sangat cantik serta dinding tangga yang cerah2
Arif jeeh;Keren banget sih, saya kesini waktu sore jadi hasil fotonya keren. Masuk cuma bayar parkir aja kok. Buat ke air terjunnya juga dekat, turun sedikit aja dari parkiran. Di dekat parkiran juga terdapat penjual makanan dan minuman lesehan yang langsung view ke arah pantainya
Lek Yung;Tdk rugi dtg ke tempat ini .... jalan nya enak, gak terlalu jauh .... akses masuk ke air terjun sangat dekat .... jalannya enak .... air terjun bagus .....
frank rush;Ada restorannya, harga murah, rasa pas aja poin 7. Hati2 ke lokasi air terjunnya, jalan agak licin dusim hujan.
Vicky Faisal;Air Terjun Toroan. Satu satunya air terjun yg ada di Madura. Yang mana sumbernya dari mata air alami yang langsung turun ke Laut. Lokasi air terjun ini berada di Desa Ketapang Timur Kecamatan Ketapang Kabupaten Sampang Madura. Lokasinya tepat di Pinggir jalan mempermudah wisatawan untuk berkunjung ke tempat ini.
Ligar Syam Rama;"Lokasi sekitar 80 km dari jembatan suramadu, tp dengan jalan yg lumayan bagus dan sepi jd g trlalu bosen d jalan.
Sampai d lokasi langsung saja parkir, tidak dipungut biaya masuk lokasi air …"
Hidayatul Mustofa;"Tempat yg bagus..
Air terjun alami..
Suasana adem.. …"
Riska Auliya;Nice bagus, cuma saya datang pas habis hujan jadi jalanan agak licin jadi hati-hati ya man teman, ada warung juga parkir lumayan luas
Tri Junaedi Sabri;Air terjun ini bagus untuk fotografi. Cman kurang bagus untuk bermain air karena tempatnya banyak batu dan airnya biasanya ndak jernih. Untuk fasilitas di sini sudah mulai berbenah, toilet sudah ada. Restoran kecil kecilan juga tersedia. Jadi setelah motret bisa nongkrong makan di sini.
Eriana Siskawati;pemandangan yang sangat indah, cocok juga untuk orang orang luar kota yang berlibur di air terjun ini, Dan biayanya cukup murah.
4r1f Maman;Alhamdulillah,Segala puji bagi Allah,tuhan tunggal,Esa....cuma dipingir banyak sampah...kalau bisa pengurus mungut biaya masuk, tiap hari bersihkan sampahnya?
tufail aulia;Air terjun toroan, dilengkapi fasilitas musholla, toilet, warung makan kadang buka kadang tutup, mudah terlihat dari jalan raya. Wisata masih alami hanya kena parkir R4 10.000, R2 5000. parkir luas dan nyaman.
Zain Mughozin;Karena habis hujan jadi airnya keruh
Muhajir Al Mubarok;Bagus bgt..
dyah purwanti;Air terjunnya biasa aja cuma letaknya langsung jatuh ke pantai itu yang bikin banyak orang penasaran,tempat untuk makan dan minum,toilet sudah ada tapi untuk mushola ada sih tapi bentuknya seperti gardu jaga.mestinya mushollanya dibuat jauh lebih baik agar waktu beribadah lebih nyaman.
Bang Tora;"Entah berapa kali mengunjungi Pulau Madura, keliling melipir jalur pantura dan mengexplore obyek wisatanya. Mengexplore dari Bangkalan hingga Sumenep. Pulau ini selalu jadi ""jujukan"" saat kawan-kawan luar Jawa datang dan ingin merasakan …"
fadel abu aufa;Anda lewat pantura madura, rasanya kurang lengkap tanpa mampir di air terjun toroan tepatnya di ketapang timur kabupaten sampang, air terjunnya langsung jatuh ke laut dan satu-satunya di madura dan sekarang sudah ada rest area, tempat parkir, rumah makan serta toilet
Irfan Pradana;Akses jalannya mudah, bayar parkir aja 5000, tempatnya bersih, bagus, cocok buat foto2, adem banget dideketnya air terjun.. Ga sia2 jauh2 kesini IG @marchirfan
Maria Farida;Air terjun yang indah dan langsung jatuh di tepi pantai utara Pulau Madura
fitri rahmatullah;Pertama kesini blm ada yg mengelola, masih gratis. Sekarang sudah ada yg mengelola, sudah ada cafe2, toilet, parkir dan mushola
riko hannafi;Air terjun turoan. Air terjun yg mengarah langsung ke pantai. Fasilitas lengkap ada mushola, parkir luas.tp sayang tidak boleh berenang di area air terjun.lumayan untuk liburan menikmati alam.
Ila Muizza;Tempatnya bagus dan sejuk. Masuk gratis. Cuma bayar parkir 5rb. Kalau ke sini cobain foto dari atas air terjunnya. Lihat pemandangan di bawah dari atas. Lokasinya deket toilet.
Bambang Eko Listrianto;Air terjun muara sungai yg  cukup curam ,
Petualang Hijrah Original Video No Editing;Wisata asik... sederhana.. bagus buat selfi dan foto...harga tiket masuk cuman 3000
lis miati;"Tempat nya Nayaman sejuk bagus buat berfoto dengan keluarga ...tp kl hujan laut nya ad sampah"" yg merusak pemandangan mata"
Onez;Lokasi ini cocok bangrt buat berlibur bagi keluarga dan spot yang bagus untuk mengabadikan momen senja..silahkan follow ig saya @onezliano bonus follback ?? …
Feizal Aditya;Air terjunnya keren airnya langsung jatuh pinggir pantai, pantai lumayan bersih, akses gratis cuma bayar parkir aja untuk motor 5rb, ada tempat makan juga.
Cimahi_SM Ekstra_Anggih SK._SM3;Air terjun langsung ke laut, lautnya bersih dari sampah, sangat bagus untuk foto-foto
BEBASAKSES 00;"Air Terjun Toroan KCT/ Ketapang/ KBT/ Sampang ( MADURA ) Tempat Nya Bagus Untuk Di Kunjungi All Turns.
All Sejagat Raya  ( ATT BEST ) Air nya menyatu dengan air lautan samudera.  Air …"
Nur Fadilah;Tempatnya nyaman, banyak spot foto nya juga ada tempat parkir buat mobil juga, dan ketika masuk harus turun tangga dulu kaya destinasi wisata biasanya yaaa ???? …
Laisa Tude;Air Terjun Yg Bagus, Banyak Spot Foto Yg Keren'
Moh. Ghufron Cholid;Sangat menarik hati pemandangannya dan bikin liburan bersama keluarga semakin berkesan
Agus Purnomo;Menarik, menyenangkan ada tempat makan lesehan utk sekedar istirahat dn mengisi perut dg pemandangan pantai sipp
Zada Artanti;Air terjunnya bagus bangett. Airnya ngalir langsung ke pantainya. Disuguhi warna air terjun yang bikin gapengen pulang. Dan disana juga menyediakan tempat makan yang nyaman banget dan bisa liat pemandangan sambil makan juga. Bagus deh pokoknya. Kalian harus kesini explore Indonesia yang cantik.
Muhammad Nur Adil;Terbayarkan dengan panorama yang indah, gabungan antara air terjungan dengan pantai sangat memanjakan mata.
mahardian rahmadi;Air terjun kecil tetapi cukup indah. Lokasi tepat di jalur pantura bangkalan - sumenep
ar hakam;"lumayan laah
.perlu ditambahkan bridge depan bawah air terjun nya ..."
Istiana Anggraeny;Viewnya bagus, tempatnya jg nyaman buat family time. Makanannya jg enaak
Channelnya Bu Tini;"Viewnya asyiik...
Air terjun tp langsung laut
Kebanyakan air terjun di gunung naah ini di laut …"
Salsalah;Air terjun yang menarik di daerah sampang airnya yang segar bisa digunakan untuk mandi mungkin ya, nyaman untuk wisata tapi kurangnya tempat duduk yang minim
Peby Mulya;Pantai bagus,ada tempat makan,ada air terjun menuju laut
Bayu Al Fahmi;Tempat Air terjun nya tidak terawat masih banyak sampah berserakan.
Ini Zoel (Zulfa Graph);Bagus banget cocok banget buat spot foto, buat nyantai sambil liat laut jg bisa
Citra Kusvianawati S;Tempat ini salah satu andalan destinasi wisata yang ada di Kab. Sampang. Pemandangannya sangat unik ditengah laut kita bisa sekaligus melihat air terjun dari sungai yang ada di Kec. Sakobanah
Andi Brata;Waktu terbaik kesini ketika pasang surut dan BUKAN musim penghujan sehingga airnya tidak keruh.
Habieb Suryantoe Mbolangers;Lumayan bagus lokasi wisatanya..
khoirul umam;"Bagus..
Air terjun yang langsung ke pantai.. dipoles sedikit sama dikasih spot2 pengambilan foto akan lebih baik.."
Adhitya Sanjaya;Sudah di kelola dg baik dan bisa jd rujuan wisata anda. Ini adalah hasil gambar yg sy ambil secara pribadi saat bwrkunjung kesini
jelajah sumenep;Air terjun yg langsung bermuara di laut,  untuk kesini bisa menghubungi kami..
Haryo Dwito Armono;Hanya 2,5 jam dari Surabaya, leat jalur pantura Madura, jalan beraspal halus dan bagus. Sangat dekat dan bagus sekali. Jangan berenang dan mandi disana. Berbahaya, Foto-foto dan lihat2 saja, Bagus, ada cafe, musholla, kamar mandi. Parkir …
Deddy Uno;Terpantau masih seperti dulu ?? …
20-191 Rama priyadi;Airnya terjunnya yang indah, dan juga pemandangan lautnya yang baguss, pokoknya gak nyesel kalo kesana
Bob Indra;Tempatnya bagus sekali, sekitar 2 jam dari Jembatan Suramadu, melalui kota Bangkalan.
Ainum Mabruroh;Pas kesini aliran air terjunnya deres banget, mungkin karena lagi musim hujan ?? …
fhyt 3;"Air terjun yg tidak terlalu tinggi. Mengalir langsung ke laut.
Waktu kesana banyak sampah di pinggiran laut
Meski demikian semoga tetap mendapatkan barokah dari wali yg ada sana?? …"
Abdul Rachman;Tempat yg nyaman buat menikmati sunset
Bulan Syurga;Cocok sebagai tempat refreshing, piknik, atau tour bersama keluarga.
Wisri Zanuar;Lokasi mudah dijangkau dgn pemandangan yang sangat indah.
Linda eLDe;Good scenery,air terjun yg langsung bermuara ke laut,gag bakal nyesel
Mung Amarindro (Munks mung);Gosok sedikit lagi
Cupay Christina;air terjun yg cantik. kita bisa menikmati sunset di dekat air terjun
Oktafirda D Carintan;Pemandang cukup bagus dan akses mudah karna berada di tepi jalan
Farid F;Suasana sore yg tdk begitu panas, membuat mata nyaman memandang salah saty ciptaan Allah yg indah
ariyoena samitsa;Air nya hijau ke biruan bagus... jangan sampe dikotori ya... supaya tetep bagus
Nurhayati;Pertama kali kesini, panas sih. Tapi terbayarkan sama air terjun yang menghadap laut lepas
Andika Bayangkara;Satu satunya air terjun di madura yang airnya terjun dari sungai langsung ke laut...bagus banget...kulinernya  mantap...yg recomended ikan bakar kembung maknyus
Prasetyo Hadi;"Bagus.
Cuman kurang bersih lingkungan sekitar."
Imtiyaz Nurul Q;It's okay. Banyak spot2 foto diatas, di bagian bawah air terjun spot foto terbatas.
Garuda Indonesia;Indahnya luar biasa dan sangat istimewa dari air terjunnya
abu dzakiy;bagus potensi alamnya tapi pengololaannya belum maksimal mungkin dikarenakan masih berbasis mandiri
Tatang Decoration;Seru banget.... Sangat memicu adrenaline apalagi saat ambil gambar dr atas air terjunnya...
DINASTY;Tempat parkir luas. Air terjun alami
Nor Khakim;Bagus, air terjun dg pantai.. Apik kalo air terjun nya ndak begitu deras, dan pantai agak surut.
Kurniadi Wijaya;"Tempat Yang Indah....??????
Tapi Kebersihan Sedikit Perlu/Kurang Terjaga...?????? …"
Muhammad Syaifuddin;"Lokasi.x dipinggir jalan jd gampang dicarinya.
Bs jd tempat singgah bentar menikmati suasana air terjun yang jatuh ditepi pantai."
selly maghfiroh;kesini waktu air keruh dan musim hujan, kalau volume airnya naik sangat menakutkan.
Firman Hidayat;Pemandangan alam bagus dan murah meriah,pas bnget bagi anda yg lg liburan di madura
riva nq;Bagusss sekali... tapi tetap hal yang perlu di perbaiki adalah sampah.. mari kurangi penggunaan plastik. Thanks
shohibul ilmi;"Sekarang parkir sudah luas...
Kalau kesini mending sore...senja sore sungguh pemandangan nya"
a nurul hadi;Salah satu keunikannya adalah air terjun yang langsung mengalir ke laut sehingga keindahannya sangat memanjakan mata. salah satu tempat wisata unit andalan kabupaten sampang madura, jarang ditemui di tempat lain
alex hidayatulloh;Kalau kesini pas musim kemarau saja. Biar tidak licin.
Nur Hayati;Tempat santai bersama  kelurga dan kerabat. Dengan nuasa alam yang sangat indah dipandang..
Ola Christine Official;Tempat wisata dg panorama dan pemandanganyg sangat indah ... air terjun yg bermuara tepat dibibir pantai utara pulau madura sangat cocok utk tujuan wisata keluarga ?????? …
Edi Lung;Pastikan klo mo kesini pas air lgi pasang, lebih keren.
hanin alhinduan;Tempat yg tenang indah cocok buat couple hehehe bawa keluarga liburan disini sama ikan bakar indahnya dunia ini
Nugraha Fahlevi;PENGELOLA TEMPAT WISATA NYA RAMAH. TEMPATNYA SEJUK.
sam joss;Pemandangan yang bagus untuk santai dengan keluarga
Awik Baidawi;Air terjun yang langsung jatuh ke pantai.
Edo Setyo;air terjun yang langsung turun ke laut luas
Khadijah Faqih;Tempat wisata yang sangat bagus berada di pantai utara madura
Zhafir Al-farezel;"Pengambilan Foto
Dari Wisata Air Terjun Toroan???? …"
ISMA WATI;Tempat bagus buat spot foto2 pinggir laut, ada air terjun. Bersih dan dilengkapi dengan tempat makan. Karcis juga murah cuma 5k.
Amrulloh 33;Tempatnya bagus sekali,Sangat menarik untuk dikunjungi wisatawan
Jajak Sekitar;Berdasarkan hasil wawancara kepada warga sekitar, Air Terjun Toroan menyimpan kisah tentang suami istri yang sama sakti antara Sayyid Abdullah dan Siti Marwah yang kini menjadi Buju' Panyeppen (sang istri) dan Makam Tinggi (sang suami). …
Tri Edy Sigit Pramono;"Tiket masuk murah sekali hanya 5 ribu saja, pantai bagus, air terjun juga manambah panoroma yg langka..biasanya jarang ada air terjung dekat pantai cuma kisaran 50m..dari pantai, dan pantai banyak batu karang; bagus untuk selfi.."
Shoby Zayzavona;Tanpa tiket masuk hanya bayar parkir, afa kulinernya juga
Wisnu Kinx;Air Terjun yg indah...lgs ke laut...lengkap dgn fasilitas Rumah Makan Lesehan...
Husnul Ika Safitri;Karen, Air Terjun langsung nyatu dengan  Laut.
Hadistria M;Sangat bagus dan  cuma bayar parkir 5k
anton suharto;Lokasi yg terjangkau dr area parkir n nyaman utk keluarga
edy trirahmady;ajibbbb...pantai dgn air terjun
Achmad Sudahri;Sangat indah, dan cocok banget bagi para wisatawan yang ingin memanjakan mata untuk melihat pemandangan yang sangat indah, karena air terjunnya beda bukan di pegunungan tapi di tepi pantai.
Abbu 1234;enak buat tempat istirahat sebentar,trus pemandanganx lumayan bagus dan murah meriah,,,?????? …
Rika Rahmania;Karna tempat nya bagus indah dan memuaakan
Humaidi depadeh;Kurang baik pengelola lokasi
indi ra;Air terjun langsung mengarah ke laut
basuki mohamad;Tempat nya bagus ... Air terjun yang langsung kelaut.
Donny AZHAR;Tempat makan ikan bakar yang enak di pinggir jalan dan menghadap ke pantai
Olievia P Mulyana;Wisata alam yang dikelola secara alami oleh warga sekitar. Lokasinya dipinggir jalan dengan pentunjuk yang mudah terlihat. Air terjun ini langsung menuju laut jadi untuk foto kita harus menuruni tangga menuju pinggir laut jadi apabila …
Fatin Susanna;Masih perlu pembenahan disana sini utk memudahkan pengunjung menuju sekitar lokasi tp setiap kesini selalu ada kemajuan
ainur sdrj;Tempatnya bagus parkir luas
Ines Kum;Air terjunnya bagus, langsung turun ke laut, pemandangannya jadi double yaitu air terjun dan laut, kita juga bisa naik sehingga bisa berada di atas air terjunnya. tempat parkirnya jg luas jd gak perlu khawatir jika kesana menggunakan mobil
Nurul Azizah;tempatnya bagus...cocok untuk wisata keluarga
rusdi zulkarnain;Air Terjun Toroan di pinggir laut utara Pulau Madura dekat kota kecil Ketapang Kabupaten Sampang. …
Raditya Hendra Pratama;"Air terjun dan tempat wisata yang sangat indah yang ada di pulau Madura bagian utara.
Meskipun tempatnya tidak besar tapi cukup untuk menarik wisatawan untuk berfoto …"
Bambang Mtx;Tempat yang bagus dan indah
Rahmat Syarief;Wajib lihat tuk dukung destinasi wisata alam kota sampang, ayoo main kesana
M Kholis;Sungguh indah cinptaan MU Ya Allah
IMAMUDDIN AP;Sunset nya yang menawan sangat dinantikan, lokasinya yang dekat dengan jalan raya memudahkan kita untuk menjangkaunya. Kurang lebih 50km dari jembatan Suramadu, jadi persiapan perbekalan dan fisik karena perjalanan yang cukup lama. Waktu …
Rendra Dwi;Pemandangannya bagus, cocok buat spot foto
SILA BUTIK BATIK;Pilihan piknik murah meriah
Rizal Sarluf;Bagus viewnya, hanya saja tulisan Toroan nya yg dibuat terlalu dekat dengan air terjun, untuj fotografer yg ingin capture air terjun jadi terganggu dengan icon tulisan itu, toilet tersedia
Zhela Aspriela (Zh/A);Rame disini, kalo cari kulineran disini banyak. Tapi seru kalo ke air terjunnya, kalo lagi pasang kayaknya sangat engga disarankan untuk mandi di air terjunnya. Cukup bayar parkir kendaraan disini. Lahan parkirnya juga luas bias motor dan mobil, bus pariwisata juga bisa.
Sigit Ardianto;Air terjun di pinggir pantai.. Spot wajib para landscaper longexposure mania
Wiwin RA;Sangat Indah??
Asyam Mulayyan Dary;Harga masuk akal, ikan kerapunya enak
Siti Maulidiyatul;Satu satu air terjun yang ada di sampang madura bagian udara, air terjun ini langsung bermuara ke laut sebut saja laut jawa. Tinggi air terjun ini mungkin sekitar 5-7 meter diatas permukaan air laut. Airny terlihat biru kehijauan tetapi …
Just Skip;Wisata yang cocok buat kalian yang suka foto - foto dan refreshing
Rio Wija (wijapuccino);Air Terjun yang unik karena aliran airnya langsung menuju ke laut. Termasuk wisata 2 in 1 karena selain air terjun kita juga bisa menikmati pantainya. Nilai tambahnya air terjun ini terletak tidak jauh dari jalan raya.
athval athoillaharamadani;Tukang parkirnya malak dengan dalih penitipan helm, helm hilang memang resiko sendiri. Tapi malah diringkes sama tukang parkirnya dan ditaruh pos penitipan. Jadi bayar 2500. Pemalakan dengan modus penitipan paksa. KECEWA
Jessica Aalya;Mungkin saya datang di waktu yang salah, karena waktu kesana tempatnya tidak sebagus ekspektasi saya. Juga disana tidak disarankan untuk bermain air, sehingga hanya sekedar objek foto saja
anang susilowanto;Tempat yg cocok untuk bercengkrama dan kuliner bersama keluarga
nur faizal lisanto;Air terjun langsung ke pantai.. menakjubkan.. kereen
Imam safi 1602;Berada di jalur utara pulau madura. Air terjun ini terbentuk dari saluran irigasi sawah warga, jadi tidak di sarankan untuk bermain air di bawah air terjun.Waktu paling baik untuk ke air terjun ini adalah menjelang matahari terbenam karena …
Rachmat Nursutji;Air terjun toroan adalan wisata alam Madura yg sangat bagus, namun masih sangat memerlukan sentuhan tangan pofesional dan investor utk pengembangannya yg lebih bagus lagi.
Eri Ns;Emang tak s alami n sbagus yg dulu tp ttp eksotik n nyaman buat bersantai..tiket masuk 5 rb k lokasi air terjun...
Adinda;baguuss bangett asliiik ky poto kalender kalo pake background air terjun inii, air terjun di samping lautt, masuknya gratis ada tempat makan, ada bbrp spot foto
Lidia Indriyani;Air Terjun Toroan berada dekat tepian jalan raya , sehingga akses untuk kesana mudah dan cepat kalau kita mau turun melihat secara langsung air terjunnya apalagi tepat berada ditepian pantai.Suasananya sangat nyaman dan terasa dingin karena …
edy humaidi;Kennengennah nyaman cellep
Thetutorials 95;Wisata air terjun yg jatohnya lngsung ke pantai.. Jdi kita bisa dpet 2 wisata sekaligus. Waterfall dan pantai.. Parkir mobil 10 rbu.. Tanpa karcis masuk.. Inget tanpa krcis masuk..
Nurul Mustofa;"Tempat foto""nya kurang dan kotor lagi banyak sampah""nya dan sampahnya di bakar, di dekat jalan evaluasi..."
Ilham Afandi;Berada di arah timur Ketapang Daya hampir mendekati Ketapang bagian Timur. Letak geografis yang mumpuni membuat para travellers yang hendak pergi ke air terjun ini menjadi lebih mudah untuk dilalui. Sejalan dengan masyarakat disekitar …
Pojok Berkah;Jika ingin berenang di air terjun Toroan pastikan jangan berenang ke arah pantai. Karena di sini terdapat palung yang sangat dalam. Bahkan, sudah menelan korban, sebab melanggar peraturan yang telah tertulis di area pantai.
Pejuangnkri;Tempat nya indah dan cocok untuk santai selain air terjun juga berada di tepi pantai tempat ini sangat inda saat menjelang sore karna tempat ini berada di selatan pantai saat sore matahari persis berada di sebelah barat
Nardi Yanto;Lokasinya berada di pinggir jalan, gampang dicari. Free,ga ada HTM, cm bayar parkir aja. Enak buat sekedar berfoto dan santai²an sekeluarga. Lengkap ada warung lesehan, musholla dan parkiran.
Kholid Ibrahim;Destinasi wisata air terjun yg langsung ke laut, lokasi sangat menarik dan recomended banget bersama keluarga tercinta
A. I. R MUMTAZ;Perlu pengelolaan yg lebih baik dari segi fasilitas penunjang lainnya agar pengunjung lebih tertarik karena setelah berkunjung satu kali kalau kondisinya itu itu aja pasti males untuk datang lagi
Ali Muqoddas;air terjun tempat bermain disaat kecil dulu dulu pasirnya masih utuh sekarang di keruk tiap hari yang tersisa hanya batu karang
Gatot Arie;Jangan Pernah Lelah Mencintai IndONEsia
Dear Busri;wisata air terjun yang letaknya di samping jl. Ketapang-Sampang
Mohammad Zafradi Wagiono;Banyak spot foto, tiket masuk hny bayar parkir saja mobil 10rb n motor 5rb ad musholla kecil dan toilet
Sory Cassanova;Tempat dan pemandangannya sungguh bagus
Hartoya Prasetyo;Bagus si tp harus lbh d tingkatkan lagi
Hammada Syarif;Satu-satunya Air Terjun di Kabupaten Sampang, dan Pulau Madura. ada tempat parkirnya, untuk bukanya dari pagi sampai sore, bisa mendirikan tenda. spot sunset dan ada juga yang menjual makanan disana.
cover ar;Air terjun toroan adalah air terjun yg langsung bertemu dengan pantai seandainya penambangan pasir tidak dilakukan pantai toroan dan airterjun nya akan menjadi pariwisata paling bagus di pulau madura tapi sayang kita harus melihat air terjun dan pantai yg sudah habis pasirnya waktu saya sd saya akui pantai toroan paling bagus
Hafidz Odinsyah;Kalo sunset kayaknya lebih bagus
Moch Amin Tian;Bagus dan bersih
Miki Djaya;Akses ke sananya masih susah, syg sekali.. Jalannua jelek dan sempit.. Serta jangan malam2 karena gelap tidak ada lampu
M Lan (M_Lan97);Bagus sekali
maz echo;Wisata Ait Terjun Toroan Yang Keren di Madura
abdus salam;Tempatnya asyik, alami, akses masuk mudah karena hanya dipinggir jalan...tapi tlg hati-hati untuk yg membawa lansia krn naik turun tangga...kulinernya juga mantab...
Bella Rizqa Idha Ayu;Air terjun toroan merupakan wisata yang wajib dikunjungi untuk para wisatawan, dikarenakan lokasinya yang tidak membahayakan seperti air terjun pada umumnya. Sayangnya air terjun toroan saat ini belum banyak di kenal masyarakat, padahal air terjun toroan sangat menarik. ?? …
Farida kristina dwi Andatu;Tempat wisata yg bagus dan masih alami perlu sedikit lagi sentuhan agar lebih menarik wisatawan
Echa Ayesha;Harusnya bisa lebih bagus & menarik sayangnya banyak sampah di pantai & air terjunnya
Fuady Bahari;Salah satuari terjun di madura, berada di pesisir pantai utara berjarak ±45 km dari pusat kota sampang. Menawarkan keindahan air terjun setinggi 3m yang langsung bermuara ke laut lepas sampai paparan laut utara yang mempesona sehingga waisatawan dapat menikmati sunrise pada pagi hari dan sunset pada sore hari
Pipit Chiko97;Walopun prjlnn yg sgt jauh gak masalah tmpat ini perlu dikunjungi.. Sangat mempesona..air terjun Toroan ini langsung menuju ke laut... Pokoknya karunia Allah sangat luat biasa sempurna..
febriyans -;Tempatnya lumayan bagus, cocok banget untuk foto long exposure, rekomendasi waktu terbaik yaitu sore
Yun Iyan;Pantai yang ada air terjunnya...bagus banget pokoknya ?????? …
Joan Atma Gunawan;Destinasi wisata nya bagus banged...tapi mohon hati hati y guys...di tempat ini pengunjung tidak di perbolehkan mandi...alasannya untuk menjaga alamnya tetap utuh dan bagus...selamat berkunjung.
Irfan Afandi;Tempat terbaik buat sunrise sunset
Arga Fabian;Saya kira bakal bagus gimana. jalan tak terawat. sarana foto pada venue hanya sebuah jembatan buatan kecil. dengan latar belakang ibu-ibu yang sedang mandi dan mencuci ???? …
Nasrullah;Tempat wisata yang bagus, bersih dan masih terkoordiner dengan baik
abidizaky;Sekarang untuk tempat parkir dan rute ke toroan sudah gampang
Fakhrur Amin;Air terjun yang langsng turun ke laut
Silatur Rochman;Pemandangan eksotis pinggir laut
Dibyus Diby;Masukkan dalam daftar kunjungan anda bila ke Madura. Sangat jarang ada air terjun langsung ke laut. bagus sekali di nikmati waktu sore hari sambil menikmati matahari tenggelam. Put it your visiting list when you in Madura. It's very rare …
Tri Bagus Wahyudi;"Air terjun yg menghadap langsung ke Laut....view sunset nya indah sekali
Cek ig kita @tbagusw"
Wawan Master;Air terjunnya indah sejuk
pintu ajaib;Lokasinya berada di tepi laut. Merupakan air sungai yang turun langsung ke laut. Saat terbaik melihat air terjun ini adalah sore hari.
TaeKwonDo Kidz;Ga keren.. masih butuh dibersihkan area utk nonton air terjunnya.. baik airnya maupun tumbuhan sekitarnya
sunarto narto;Tempatnya asyik ditepilaut
Danita Gan;Lumayan habis ke bebek sinjai, jalan2 di sini
Faisol Junaidi;Bisa di bilang satu²nya air terjun di pulau madura...???? …
Akhmad Firmansyah;Amazing banget air terjun bertemu langsung dengan laut lepas, dan airnya yang jernih memanjakan mata setiap wisatawan yang hadir
Moh syafiruddin;Air terjun ini merupakan air terjun yang unik, karena pada umumnya air terjun jatuhnya ke sungai, tapi air terjun toroan airnya jatuhnya ke bibir laut atau pantai. Kondisinya pun masih terlihat sangat alami
Hendra Surianta;View air terjun oke, Akses dekat dengan jalan utama, fasilitas cukup oke..
Ismi Sari;Tempatnya dikelola dengan baik... Semoga seterusnya begitu...
didit p;lokasinya yg terpencil dan minim papan petunjuk, butuh google map supaya ga nyasar ...akses jalannya bagus, pemandangan yg indah, kalau ke sini pas tengah hari, panasnya bukan main ...
Dismas Ismanto;Sdh beberapa kali kesini.. Ndak pernah  bosan... Must visit place... Beautiful viewing
dedy bendot;Air terjun kebanggaan masyarakat sampang pada umumnya, dan masyarakat Ketapang pada khususnya. Lokasi sudah mulai banyak perkembangan, sudah terkelola dengan baik.
SSC Reborn Studio;lokasi dan spot alam yg menarik. tp sayang terlihat kumuh dan kotor. seharusnya jd tugas pemerintah setempat untuk mengelola dgn baik.
arif wahyuono;Bagus banget buat spot foto instagram. Obyeknya bagus & unik
Super Yitno;Tempatnya cukup bagus dan ada cafee dan toilet..
wardah lovers;"Sangat cocok untuk refreshing,
Menghilangkan fikiran tidak tenang akibat dari sibuk bekerja..
Inilah solusi yg pas untuk anda.. …"
Ayu Dwi;Rasanya aku ingin jeburan disana wkwk
Achmad Farajallah;Pemandangan indah. Tetapi, sulit parkir dan dukungan rekreasi yg lainnya. Di pantai kiri-kanannya terlihat ada penambangan pasir laut
Pangky Aja;"Akses mudah
Tempat sangat mengesankan
Tapi sayang,karena dipesisir cuaca agak panas …"
Anastasia Wahyu DL;"Ketempai ini pas banjiiir..  Sediiiih... Padahal bagus.. Jadinya ngeri..
Saran aja..  Kesini pas sore hari dan pas nggak musim hujan ya..
Jadi bisa lihat sunset,  air terjun dan pantai sekaligus"
Ha Sarwoedi;Tempat yg amat sangat indah dan nyaman ....saudaraku hayo berkunjung tempat ini biaya masuk dan parkir murah meriah
ach choirul;Tempat asyik untuk bersantai bersama keluarga sambil menikmati indahnya deburan ombak dan gemericik air terjun
John Sakera;Tetep suka banget dengan tempat ini
Rista Dinda;Ini air terjun paling bagus, keren banget.. Cocok banget buat ngilangin penat
M. Arif Wardana;Wana Wisata ini Menyuguhkan Sebuah Panorama Pemandangan yang Sangat Indah dan Memuaskan Mata untuk Memandangnya. Pokoknya Nyesel kalau lagi Berkunjung ke Pulau Madura Tidak Mampir Kesini.
Lingga Kurniawan;"tambah baguus...
sudah dikelola masyarakat sekitar.
semoga makin ramai"
Danita Rolag;Tempat rekreasi di madura dekat pinggir laut tapi ada air terjunya, masih natural, bagus untuk keluarga
Muhyi S;Panoramanya bagus,  perlu kreativitas utk penambahan area di pantai dan penambahan fasilitas
Faris 25;Suasana alamnya sangat indah karena merupakan perpaduan antara air terjun dengan laut
Lutfi Adjha;Wisata murah dg pemandangan yang indah
Wida Yanti;Airterjun di tepi laut...suatu yang jarang ditemui. Tempat yang mudah dijangkau, karena tidak jauh dari jalan utama. …
Rizqi Puji;air terjunnya kecil warna hijau, kalau sunsetnya top banget si
siti rachimah;Tempatnya nyaman dan indah... Pokoknya gak bikin kita kecewa... ???????????????????????? …
Ikmal Rofahaya M.;Tempat yang cocok untuk ngadem.
Hanan Nuklir Surabaya;Cukup satu kata,.Mantapp...?????? …
Echsan Kasan;Ngopi,nyantai cocok kl kesini
Sukid Skd Skd;Cocok untuk istirahat ngopi dan juga tempatnya indah untu Selfi.
Setio Budi;"Tempat yang menarik!
Anda akan disuguhi tiga pemandangan sekaligus yakni, air terjun, pantai, dan aktivitas masyarakatnya."
Ane Mxcholih;"Air terjunnya masih alami banget, dekat tepi pantai...
Mohon dijaga keasliannya, jangan dikotori oleh sampah"
Miqdad Arrijally;Wisata air terjun tepi pantai yang sejuk, mau siangpun suasana tetap sejuk..
Luluk Latifah;Lumayan,tpi tidak bisa di buat untuk berenang
Ahmad Mahrus;Ada kenangan yang tersimpan disana
Lailatun Nikmah;panorama air terjun langsung ke lautan...menakjubkan utk berfoto ria..hati2 musim hujan batuan jd licin.
BecKitchen TV;Air terjun bagus dan yg perlu di perhatikan kurang luas buat rekreasi
Nikmatul Izza;Cukup bagus, bisa untuk tempat foto prewedding.
Adikenzie Alfaidh;Rugi banget gk kesini kuereeenn..
Arif Wicaksono;lumayan lah
sri bimo adhi yudhono;Bagusnya tdk terduga
ahzai TV;Tempat berlibur yg menyenangkan untuk pasangan dan keluarga dan meikmati air terjun.... yg indah
Rara Pratiwi;Bagus langsung menjorok ke lautan
Muafi Muafi;Hanya saja  tempat nya kurang terawat
Mift Zaman;Akan terasa lebih indah ketika menjelang matahari terbenam.
Antic 12;Bagus.. Asyik ..banyak bebatuan yg bisa buat duduk2 sambil  main air & buat foto2an
Hedin Hendratarto;Parkir kurang, menuju lokasi air terjun jalannya sangat sempit sehingga berjubel....
Mahrus Zain;Di keterangan Gratis, pas masuk dikenai tarif tiket 10.000
Tuan Kuda;Sebaiknya wisata alam biarlah tetap alami, tanpa perlu dibangun ini itu. Bangunan malah bikin rusak
Jumiya Oke;Ya perlu dimaksimalkan pengelolaannya karena tempat ini sangat bagus sbg anugerah Allah perlu disyukuri
Widjaya 2608;kuliner ikan bakar lesehan mantaapp dan enak, bukber mantap tempatnya
Oonkz Froeza;Air terjun yang indah yang berada di tepi laut sangat bagus untuk yang suka foto-foto
Alfarizy Ajha;Air terjun-nya bagus dan enak buat selfi, Pantai-nya juga sangat bagus suasananya juga mendukung.
welly martinus;Indah, asri, pemandangan laut yang menyegarkan, air terjun langsung menuju ke laut, luar biasa indah
Samsul Arifin;Tempatnya bagus ???? …
Hari yadi;Air Terjun Toroan  di Desa Ketapang, Kecamatan Ketapang, Kabupaten Sampang dekat Jl. Raya dan pantai utara Sampang. Parkir motor dan mobil luas
aditya wicaksono;Lumayan buat refreshing. Tapi naik turun tangga menuju spotnya cukup menguras tenaga haha..
Dicky 2ndPart;Sangat memuaskan...view g kalah sama bali
Herida Madaya;Kenangan masa sma dulu..saat masih natural tak terjamah
Fausi Amiin;di sini kita menikmati keindahan alam berupa pantai dah air terjun dalam satu destinasi
Ibnu Ibnu;Suasana air terjun di pulau garam Madura kecamatan Ketapang kabupaten Sampang Jawa timur
Hobiburrohman Arrohman;Sangat senanng dan bahagia
Damairi Usman;Mungkin ini air terjun satu2nya di madura. Asik juga sih pemandangannya karna air terjunnya di tepi pantai... ???????? …
Erha Agustina;Datanglah saat pagi air laut belum pasang, airnya bening karang terlihat
Fasta Awdesy;Tempat nya bagus
Idruz Vayruz;Air terjun langsung ke pantai satu satunya di daerah madura.. dan merupakan destinasi wisata yg ckup langka.
hadnys setyo;Tempatnya indah.. Masih cukup bersih.. Tempat yg tepat utk menikmati sunset di pulau madura..
Syakir Ali;"Kecewa dengan pemandangannya, mungkin karena saya datang di siang hari.

Mungkin akan lebih bagus pemandangannya ketika sunset atau sunraise"
Imam Geniuez;Menurut saya cakep banget klo sore pemandangan nya sangat mendukung sekali
Ach.farhan Ramadhan;Lokasi wisata yg masih perawan,perlu sentuhan seniman agar kedepan lebih baik
Juhriyanto;Sangat cocok untuk Refresing
Fifi Raidatul Hasanah;Kurang memuaskan, pelayanan kurang , parkir masih kena mahal.
ilham riskiyanto;Tempat bagus kita bisa lihat AIR terjun yang bisa langsung ke laut...keren
Amar Amhar;"Cantik ... eksotis
Air terjun air tawar langsung didepan ombak pantai..."
Dyfandio Daffa;Keren, air terjun langsung k laut Jawa
renita agustiana;Bagus tempatnya.... pinter2 ambil spot foto aja...
Just Archive;Kopi rempah nya enak
Diita Gembul;salah satu icon wisata yg ada di Ketapang Sampang tempatnya yg nyaman untuk bersantai
Rahmat Mashuri;smakin berkembang mnjadi wisata pilihan muda mudi
DWIKI PRAWITA;mantap
Budi Asisi;"Nampak beberapa nelayan dan pemancing
Ada tulisan dilarang mandi?? di air terjun …"
Indra Mahendra;Air terjunnya keren deket laut tinggal dijaga dengan baik
Heri Purnomo;Bagus dan di tepi jalan raya, sayang airnya kotor campur sampah dan cokelat
Jufriadi;Karena tempat ini sangata unik dan menarik  dari pada air terjun yang pernah saya jumpai di madura
Alfiyah Nada Trianah;Air terjun yang langsung mengalir ke lautan dipadu dengan sunset yang indah, luar biasa.
Afandy Achmad;Keindahan air terjun yang mengalirr , so beautyfull
Heru Winarno;Ada Cafe nya yg bisa menikmati semilir angin laut
anggie crazyangel77;Alhandulillah ke sana pas september 2015 , walaupun musim kemarau tapi airnya jernih dan kondisi bersih.
Susmiari S. Pd;Air terjun menuju laut..  Cipratan jatuhnya air... Sejuk..
Yusron Surya Pranata;Air Terjun Toroan berada di Ketapang Sampang Madura. Bagus banget pemandangan nya
satrya tama;Bagi pecinta alam cocok ya,tapi kalau habis hujan harap hati hati?? …
rayda zean;Good place untuk liburan family yah. Recommended buat wisata yang satu ini
Labisun Labisun;Pemandangannya enak sejuk di rasakannya
Ardian malang;Lumayan bagus.....
Vida Brail;Lumayan,jln menuju air terjunnya agak licin
Peter Amirtha;Pemandangan bagus dan ada tempat makannya cukup enak..
Abdul Rohim;"Fasilitas parkir ok.
Airnya kotor.
Logistik tak ada"
Aas Ridwan (Aak);refreshing with orang2 kantor dan keluarga
enny herawati;Bagus untuk dikunjungi
Maya Sari;Air terjun di wilayah Sampang Madura yg langsung bermuara di laut utara Madura
Raditiyo Mirza Afiansyah;Bagus air terjunnya langsung turun ke pantai/ laut
Eni Rosita;Baru kali ini aku melihat air terjun langsung kelaut....takjub
Theresya Beatriz;Wisatanya kurang dirawat. Tidak bersih.  Cenderung biasa saja.  Jika kesini disarankan pagi hari saja
Hairin Maliu;Bagus musim kemarau airnya bening
Adhi sucipto;Pemandangan Air Terjun Toroan Bagus sekali dan pakiranya luas saya senang sekali
Andre Rean;Mantap kan bro :v
Priyono Azis;Pemandangan yg sangat menakjubkan air terjun jatuhnya ke pantai
IZMUREEAN;Tempat mudah terjangkau, mungkin kalau lebih bersih sedikit pasti nyaman
Golek Duit Channel;Bagus
abdul kholik;"Ada bbrapa spot yg kurang terawat,
Toilet lebih2.."
Adi Aja;Air terjun toroan seruuuu....?? …
Arga Fabian;kurang terawat, fasilitas minim. jarak toilet dengan venue lumayan jauh.
Aris;bagus sejuk tempatnya
Brad Setiawan86;keren destinasinya .. dan gak ada tiket masuk ... kulinernya murah bangeeet
HN Indra;Air terjunnya langsung k laut mantab deh pokoknya
Nury Damwijk;Pemandangannya sangat bagus. Air terjunnya  tinggiiiiiii
qom 325;Untuk yg ska wisata air terjun+ pantai bisa di coba ke sne
Rizal Efendi;Tapi pas nyeremnya lagi hujan batu dan jalannya licin sekali
Safik Gio;Tempat ini sangat sejuk dan nyaman dan wahananya sangat menyenangkan
Dicky Iwan Setyawan;Natural, indah apalagi kalau diwaktu Sunset atau sunrise dimusim kemarau
Ali Hamzah;Air terjun di jalur pantura jawab, tepat berada di pinggir pantai
KARIM- DARSILO;Sangat senang
Taufik Hidayat;Pemandangan alam lumayan indah di air terjun titian ketapang
achmad alwy;klo musim hujan kurang bagus air nya g jerni .....
Shevia Fernanda;Pemandangannya bagus dan tidak dikenakan biaya saat masuk
joe vandoel;Indah air terjun yg berbatasan langsung dgn Laut
Soegiarto Soegiarto;Air Terjun yang indah yg airnya langsung ke laut, lokasi ketapang sampang madura
Mazz Bakirz;Karna tempatnya sejuk dan bagus Untuk menenangkan fikiran
Darmo Suwoko Wibisono;Air terjun nya kotor & berwarna coklat ???? …
Dinda Daa;Spot fotonya diperbanyak biar ga bosen
rifmi utami;Amazing place...bagus untuk tadabur alam, tp tdk untuk mandi...
Bambang Hariyanto;Tempat yg indah dngan pemandangan laut yg luas.....
yonas setiawan;Kebetulan laut sedang pasang . Jadi tidak bisa mendapatkan foto yang baik.
Siens Harianto;Indah,,,
Kaka Uben;Sangat tepat untuk beristirahat dan pemandangan alamnya sangat indah
Ummi Syafira;Bagus, yg pasti tempatnya sejuk dong
Agus salim;Nyaman enak
Ab za Ab;"Tidak seperti awal opening...
Dan sampah berserakan"
COMET RNR PLURBALINGGA;Pemandangan yg menghipnotis mata akan keindahan alam
kharis putra;Siip
Miftahur Rohman;pemandangan pantai yang indah
Alfan Isubahry;suasana alamnya masih asri
Helmy Afrul;Obyek foto yang ciamik ?????? …
Awi Frilian;Wisata air terjun turoan
Galih Wijaya;Tujuan wisata yg lumayan searah dg pantai nepah
Aynta Rimahim;Bagus banget aku suka??pengen liburan ke madura lagi bareng keluarga …
Teguh Firmanudin;Kurang di kelola dengan baik sayang sekali
M. Abdi Annur;Bagus sekali
Abdul faidh Zinnun al mishri;Bagus sih cuma kurangnya sarana yg mendukung
Fefa Ariba;Destinasi wisata air terjun di pinggir pantai utara kabupaten sampang
Saiful jabejo;Mantap
Ri zal;Menakjubkan
Wawan Setyawan;View buat selpie ok banget
MA Syahru dn;Lumayan
Novi Wahyu;Airnya kotor dan sangat deras jika musim hujan
Mohammad Hasan;Bagus
Derid 1212;"Amazing
Air terjun yang jatuh langsung ke laut
??????
Wonderful …"
Fajar Dwi;Air terjun tepi pantai . Yg begitu indah . .
Alfan Nur Azizi;Pemandangan pantai yang berpadu dengan air terjun...
Icank Icank;Pemandangan yg amat indah
Arif Y;Bagus view photo karena langsung turun ke laut
Arisusanti 490;Lumayan jauh tempat'e,,,,
Bieng Soecahya;view nya ok, cuma kotor dan kurang terawat
Yayan Siregar;Kereenn
Dent mrrengiz Dani Dorez 217;Pemandangannya indah sekali?? …
Penjelajah Channel Sampah;Objek wisata yg sangat keren
Agil;Sangat damai suasananya sejuk pemandangan
Wepa Jupiter;Sangat seruu
Tri Sukowibowo Koko;Bagus, lebih bagus lagi kalau dikelola dan dibangun.
Ferri Indra;Bagus pemandangan nya
Siti Yanti;Eksotik..
Billionaire Preneur;Masih alami & bersih
Anisa Fitri;Tempat ini bagus dan juga memberiku kenangan indah yang tak terlupakan
Abdur Tiara;Air tarjun sangat Bagus aku suda Sampaii kesana..
Arifin Suqpin;pemandangan lautnya jg bagus
Utaru Cahyo;Kalau musim hujan airnya kotor dan deras
Fandi Far;Mudah menemukan lokasi yang diinginkan
Mas Jali;Sungguh indahnya melihat air terjun ini
sodiq ibrohim;Lumayan bagus
pay ical;Recomended
Rafael Denius;Kepengen ke air terjun tpi gc tau tempat nya
Dussakur;Parkirannya kemahalan
Adi Wardiyanto;"Mantap, sejuk dan indah
Oke la pokoknya..."
Soni Hartono;Berbeda dari air terjun yg lain!
Maria Hani;Keindahan darimu Tuhan, terimakasih semoga kami bisa menjaganya
siti salicha;Air terjunnya sangat indah...
Moch Chodri;"Tmpatnya yg alami,,,
Bagus buat hunting..?? …"
Dicky Iwan Setiawan;Lokasinya mudah dijangkau,  tidak ada tiket masuk
Zuliani Dalimunthe;Air terjun yang airnya bermuara ke laut...
Marsuqy Sauqy;Sulit ada air terjun jatuhnya ke laut
mux mux;tempatnya nyaman, mudah dijangkau
Sal Sali;Bagus kalo lagi bening airnya .... ?? …
Avid Anjala;air terjun yang menarik langsung ke pantai
Agus Salim;Panorama yg elok cocok buat rekreasi keluarga
Abdul Asis;Baik untuk penelitian ...!
Agus Cahyono;Air terjunx bagus indah langsung turun ke laut
Azmi Mamee;Tempat bagus si,  tapi kurang terawat
Timoty Johan;Kotor, kebersihan area tidak dijaga
Ainul Anwar;Lumayan keren
Jucky Lucky;Karena aku tak mau lagi pergi kesana lagi disana sudah banyak makan korban
Erwin Brewok;Wisata air terjun yg ada d Madura
Hafidzah Talitha Arifin;Sy di Terminal sampang, arah air terjun Tiruan ke mana ya? Bantu dong
Gusti Ard;Air terjun alami yang jernih jatuh ke laut
AL Makki;Tempat nya kotor, dan sempit
Rofiq;tempatnya ok,,walau agak terpencil tapi mudah di jangkau
Didik Suhariyan;Keren
Moh Idris;Pengen kesini lagi soalnya udah lebih mantep....
Romzatul W;Bagus gratis
Dody Ajay;Luas sekali lautnya
family time;Jalan raya menuju tempatnya sempit
Raden Budiarta;Tmptnya lumayan ok....view ok
Umam Shof;Mamtaap jooss g rugi trip ke sini
Ronny Hidayat;Biasa saja
Dedyk Suntoro Atmojo;nice place.. bisa buat preweding
Suharyono Eko Prasetyo;Air terjun langsung ke laut lepas...
Hoirul Anwar;Indah
Yusuf Ibrahim;View-nya bagus... Apalagi sunsetnya
Itb Rony;Ok banget
Ika Fitria Rahma;gilasih, sunsetnyaa parah abiss ehe
Mustafa Tajuddin;Akses ke air terjun kurang enak
Ridwan Ar;mantap
kang SAMY;Beda sama yg di foto...  Kotor sekali..
Abil Malik;Perlu penataan ulang,hingga menambah keajaiban
Amirullah Rahman;rekomandasi tempat liburan
Alya Jasmien;Tempatnya bagus
wahyou cahyono;Bagus
B channel;Datang pas air pasang, jd kurang bagus
Yuni _Ayu;"Murah meriah
Malah kadang gratis"
Husyaimah Ima;Intinya Suka Banget Sama Air Terjun Itu ???? …
Yudi Kiswanto;Air terjunnya cukup indah
Tuan Amos;Biasa aja..dilarang nyemplung berenang
Ahmad Puji;Air nya dingin seger banget
Happy Tour Surabaya;Bagus tapi kadang airnya sangat keruh
eksa avanda mukti;Salah satu Tempat Keren di Madura. deket Laut dan jalan Aspal juga
Andri Bahtiar;Sesuai
Ars Ns;Bagus indah masuknya cuman 10000
Rahasdita Reo Hansdoko;Sangat bagus, sejuk dan dingin...
Mahendra's Family;Bagus tapi maaf tidak sempat ambil foto
William Patrick;Bagus,  tpi sayang kurang kerawat
Aliefun Remos;"Bagus.. g' kecewa jauh"" kesana..."
her sugiono;Pemandangannya keren mekanannya enak
Otnay91;Lokasinya cukup jauh, tapi lumayan indah
Achmad Yulian;airnya bersih dan bagus banget
Markaz Channel;Airnya bening dan suasananya sejuk
Mrs. VE;Pemandangan indah, butuh sentuhan tangan pemangku kekuasaan
Mask of Smiling;Ada toiletnya...ada musholanya..
hairul umam;Airnya jernih banget :)
Hyper Sony;bagus . recom lah
Sholichul Hadi;Air terjun langsung kelaut
Machrita N.I.;Air terjun yang cocok untuk short vacation
Fadol Labo Labo;Soal nya Satu2 nya air turjun di madura
Fajar anugerah;Banyak nyamuk
shole huddin;Bagus
Risky Putra;Mantp air terjun pinggir pantai
Ardik Wijayanto;Bagus, air terjun ke pantai
Hafiluddin;Tempatnya sangat bagus,
Afiq R. Official;Lebih di tingkatkan lagi pemeliharaannya.
angga apache;Mencari sunset..
Koko Traveler sejati;Lumayan bagus
Lisa DA;Pemandangan air terjun bagus
Yudhi;Air terjun yang langsung jatuh ke laut
Ali Yusuf;Parkirnya Luas viewnya mantap
Pak Iqbal;Tempatnya bagus buat kesehatan
Gus Bayu;Dua bintang dulu,lihat my cennel youtube
Maulana Memen;"Tempatx indah,,,
Akses menuju kesana jg mudah."
Richo M Reza;Tempat buat bengong
Chusni Mubarok;Air terjun langsung pinggir pantai
Achmad Suryono;tempat wisata pantai yang bagus
Zain Zikakito;Bagus pemandangannya
Muhammad Nefil;Air terjun yg indah
ROHIL AUDIO OFFICIAL;Air terjunnya indah
sam adhi;adem
exgen 934;Air terjun di padu sama laut
Frame8 Photoworks;Cakep pada bulan 2 tertentu saja
Rahmat Rahmat;Indanya pemandangan nya
Siti Nurul;Bagus....cma sedikit seram..
Eko Mustiyono;lumayan, cuma kurang tertata dengan baik
Fakhrur Rozi;Indah
Gaya Reload;Lokasi Aman dan bersahabat
Sri Wahyuni;Wisata murah meriah
Amin Oziel;Lumayan lah
Uzh Madury;Alamiah banget. Pas buat suasana wekend
Anton Siswanto;Sungguh bagus banget
Nia Happy-Happy Official;Bagus sayang jauh
Edwin Ardiansah;Tempat bagus buat foto2
Jienz Ed;Masih bnyak sampah yg berserakan
Aris W;Masih bisa digarap lebih bagus lg
Ita Purwanti;Kereeennn abiiizzz... Pengen kesana lagi...
Afida Anakmami;Niagara KW ???? …
Iqbal K Sukasdi;Parkir mobil enggak ada
Shobry Aly muhgni;Indah sekali
Heri Purnomo;Perlu sentuhan lagi agar lebih bersih
Ar Man;Gelombang lautnya lumayan besar
idexpress ketapang;Semoga terus berkembang
Nukman Ae Cak Man;Bagus dan murah tiket ny
kholil ahmad;Salah satu destinasi wisata d Sampang, Madura
abdul qodir;Alternatif wisata pantura
ALI ARIFIN;Tempat lumayan bersih dan nyaman
Dito Erlangga;Rugi saya datang saat sedang keruh
Cak Nanang Oi Nanang Oi Pribumi;Bagus gak nyesel main kgesini
Evi Kitty;Penasarannn... Gak pernah nyampek kesana
Micro Security System;Adem
Rahmat Dandi;Bagus untuk spot foto.
Roberto Lilik;Bersih dan tenang...mudah dijangkau
Wawie Erorr;Bagus udaranya seger
Abu Nayeef;Good pemandangan nya
Sugeng Candra Kirana;Kotor kurang bersih tempatnya....
Saiful Anam;Air terjun Toroan Memang Mantap
arifin yazid channel;Bagus untuk ber wisata
Lets Do It;Kurang terawat
Reno official;Wisata ini tetangga saya
yudi rosadi;Indah sekali, tidak akan menyesal ?? …
GRACIA SALON;Bagus oke
Raqi Zidan;tempatnya bersihdan rapi amazing
frandik us (prandik);airnya kurang bersih
Rozi Planner;Bagus tempatnya
lilis maratus;Tempat ini nyaman untuk berwisata
ongko wijoyo;Sejuk, masih alami
Maz Nazir;Ditambah  pelestariannya
Tania P Putri;Tak sebagus di foto
Zainur Ridho;Keren Pokoknya... ?? …
Mohamad Dimyati Yusuf;lokasi terlihat dr jalan raya
Sengkok Romli;Temapatnya indah dan sangat strategis
Ridoi Ozora;Bisakah mobil masuk
Arief Suherman;Menyenangkan
Cak Ardy;Indah Air terjunnya
Rosis Zeini;Mantap
Aiinie Nozya;Tenang . Sepi
Farisa Geosany;Tdk seindah sprti gambarnya
Iis Hariyanti Yanti;Saya suka pantai,
Nur Hidayat;Akses mudah,,, lokasi di pinggir jln
Syaiful Bahri;Suasanax Indah menyenangkan
Alwi Sihab;Air terjun yg terindah di madura
Prasetyo Adi;Sederhana.... Natural.... Tapi exotic
Achmad Ubaidillah;Lumayan
beejoe Tujuhkosongtiga;Masih belum kesampaian pngen ksana
Fazaarez;Keren cuy
Rudy Purwana;View laut yg cantik
Laily Widya;Sayangnya pas banjir :')
Murdi;Akses yang sangat mudah
Shiddik Dolar Damay Nya Pncr;Klo madura sungguh indah sekaliy
BAGAS PUTRA;Parkirnya Mahal
Farah Alzhar;Tempat nya bagus
Zainia Lauhim;Buat menghibur dri sendri
Davidson Davidson;Unik dan cantik
mul yadi;Sipp.. indah.. perlu d kunjungi
Ghir Sereng;Enak kalo buat liburan
SULTHAN Videography;sangat nyaman dan sejuk
rafa Rafael;Tempat yg kumuh
risman ynt;Bagus unik alami
21-003_ Raihan Fadillah;???????? …
Abdullah assaydani;Bagus sekali
Mas Sory;Pemandangannya bagus
Andrie Hermawan Putro;Bagus
Abie Ole Olang;Obyek Legendaris di Pantai Utara Madura
Win Winarno;Tempat yg enak unt santai
Moh. Wahed Hasim Asary;Air terjun so beautiful
hady riendy;Bagus
M. Fauzi;Lumayan lah
RIZQI AFSOH;Unik dan Seru..
Satria Imandaka Pradana;Tempat terjangkau
nanang pribumi;gak rugi datang kesini
Alfian Risky;Karna tempatnya sangat indah
Uzzy Gepenk;Senang bersama teman disana
BANG RACHMAN FISHING;Pemandangan yang ciamik
Zay Nuddin;Okey tapi kurang perawatan
Iskandar muda;Tempatnya bagus
Rizky Nur Masjidi;Lumayan oke
Orang Awam;Saya kos disini
Nur Wahyudi;Mantap
Yarra;Mantapsss
Alfred Ramses;Lumayan bagus..
Dina Yunita;Lumayan meski sempit
ArTa Channel;Tempatnya sedikit kotor
Muqorrobin project;Tak suka
nasyaeif putra;Bagus
Suherman Suherman;bagus sekali
SAMSUL ARIFIN;Bagus
Daniel Christianto;Kurang terawat
Moh. Safirul Anam;Indah
Abd Gani;Aq suka
Daikong Shitami;Jauh sekali
abdul aziz;Madura
Mulyo Manggih Widodo;Kurang pengembangannya...
Hasuke BinZubair;bagus dan dan minim biaya
Mayor Adim;Tempatnya bagus..
Arjuna Rentcar;Air terjun yang indah
Nyimas Khanza Saskhi Nabila;gada apa apa sih, kurang seru
STORIES_REAL POPULERS;Bagus
Mamat Toroan;Temapat enak dan aman
O-Gear;Tempatnya bagus
Hendry Aslam;Enak pentolnya...
arnanto nugroho;Lumayan bagus
Mufid Official;Tempatku Menimbah ilmu
Ferry Irawan;Sangat bagus
GSA Bangkalan;Buat refresh sejenak
Faisoll Akbar;Air yg indah
I Sanusi;Terbayar
Zeen Dobrak;Suasana yang bagus
niken lanovi;Keren pokoknya ma
Gundul Pacul;Keren
fahrudi ifai;Cukup bagusss
Bojes Farm;Lumayan indah..
Apin Poy;Pokoknya sangat puas
Arief Arfi Alfikry;Indah.... adem... hmm....
Jerry Anggoro;Banyak sampah
Suu Rach;Desa kecil penuh certa
Qifuat TV;Indah dan mempesona
DewantaraID;Sampahnya mengganggu
Retha Wiyono;Jelek dan kotor
Jakfar Sodiq;Puas, mantap
Suhartono Bee;Pemandangan yang indah
bari indro pratomo;Tenang ...
kun setiyono;Bagus
eny subroto;Indah banget
Mila Milano;Sangat Bagus
MAZ RIZAL# HONG PEHONG;Bgs
Oonk Louis;Bagus
Green Bohlam;Bagus
chavid top;Bagus dan nindah
hari subarno;Air terjun Toroan ketapang
Heris;Cakep
Danang Budiman;Segar
Lina Charel;Biasa aja...
Riki Afriyanto;Butek
Luluk Mukarromah;Sangat indah dan bangus
Mas Deto;Keren abiss cuyyy
hanif jidda;Menyenangkan
Tieni Tahayoung;Okey
al sya;Sering berkunjung
Jabirut Tamam;Tempat gitu tok
Sauqi Alfarizie;Lumayan Indah
Joni virnanto;Indah
Hidayatullah Syah, LGED HNI-HPAI;Mantul
Ari Basuki;Keren
As'ad Yahya Syafi'i;Indah sekali
R. Nurcahya Dwi Asmoro;Sip
Mr Capung Canel;Mantap
Doel Pentol;Indah, seger dan waoooooooooow bgt.......
Chuwez15;Masok
Satunya Satunya;Bagus bingit
Apdete info Seluruh indonesia;Bagus
Ong jong khing;Lumayan indah
M Irfan Setiadi;Strategis dan indah
Makbul Faqot;Sangat indah
Zeynutdin Zeynutdin;Bagus
Kaconk MD;Alhamdulillah
segianto 39;Favorit para wanita..?????? …
Sinap Sinap;Kurang indah
Madura Update;Tempat yang indah
maryadi jantan;Bagus
Anggita Ayu;Mengecewakan
Rizky Cihuyy;Sangat indah
Muhammad Afandi;Sangat indah
Azraa Vaey;Strategis dan cantik
andrie rusdiansyah;Bagus
dian Kurniasih;Keren,, instagramable..
Alaina Hanan;Biasa
muhyidin firda;Indah
Ariful Azis;Bagus
kang sukir;Indah
agus pendekar;Bagus
Mely Elkholidi;Bagus
Story Bola;Eksotik
Robbi Indra Wiguna;Murah
Omega Lesta;Indah
Fridinal Deleshef;Jelek
Nasir 57;Sejuk
Fausi Amiin;Mantab
sarika arinta;indah
Mohammad Nurul Hidayat;Alami
Sampoerna Mild;Keren
Rahmat Hidayat;Indah
Victor Honesto;Bagus
Andre Susanto;Lumayan
Rud aulf;Apik
Hamdan Yuwafi;Sejuk
Husen Efendi Mohammad;Alami
TRI WI JAYANTI;Bagusss
Zainul Arifin;Bagus
Amirul seneng;Waw
Muhammad Prasetyo;Keren tempatnya
Zulkifli Arif;Unik
Ifa Mousee;Mantab
Sapri Rullah;Angker
Juarieko Arganta;Keren
Nadhila Yusrina;Mantap
Dark Yagami;Tenang
Uyunks Regas;Seru banget
Mazukon Siwickedts;Oky
supri gareng;Indah banget
hasbi umam;Mengesahkan
Lala CAH AYU MODES AND TAILOR;Asyik
Hasbullah;Bagus juga
Zurach Bhajink Sakti;Karena bagus
Arif Budiman;Pasti transfer
Yu ni;Dekat rumah
Purnomo Dwi Candra;Top banget
Feriiskandar80 Traveller (asenxdayax);pesona Indonesia...amazing
Samm Samm;Sip
Pasker Madura waki;Sip
Atik Rosita;Mayan
Erdiant Rendy;Madura keren
Erika Amelia;layak dikunjungi
Dhay Hidayat;Buaguss Buangett... ?? …
mbaksyaa;Recomended ???? …
agus ardiana;Nyaris sempurna
Prametha Armunanto;View mantab
afandi jayanto;Kepingin kesana
achmad jumadi;Seru bnget
Sudarmanto Darmadji;wisata alam
Sudari Saifuddin;Indah dan asri
Paramitha;A cool waterfall near the beach, not too crowded. People aren't allowed to bath in the waterfall. The rocks are quite slippery. Free entry, only pay for parking. There's still lots of small animals on the beach like hermit crab and little …
olivia a;Several years ago when i first visited this place, it was nice, everything is made by nature, but today i saw huge improvements that makes it even better. There is even a cafe! Well done, Sampang!
Kristina Dameria;"good view waterfall and area was in the main road so access so easy.
free entrance ticket but for car parking have to pay 10.000 rupiah per car.
access to waterfall from parking area not too far just walking go down by around …"
Gavin Starkey;Came here several times over the past 5 years. Looks much more developed and clean. Food is good and ample safe parking. Service at restaurant was not friendly on my recent visit.
alam cahya;Best mini waterfall ! Although need 3 to 4 hours to get there from surabaya. But its worth it, got a nice sunset view and fresh water from the waterfall, the waterfall itself falldown through to sea and have an clear view of water. Nice one !
Johan HP;Such a peaceful and beautiful place! The best time to go here is sunset(which unfirtunately, I can not see the sunset there because I went there in the rainy season). But taking picture here in blue hour is also great. I spent a night here …
cantika nizam aluminium;Sayang gak kerja ????????
Siva Prasad;Best place to visit, I love this location
Mohammad Ferianto;Toroan waterfalls is a tourist destination in Sampang. It's located near of Ketapang traditional market. This waterfalls close to the beach so that the water will flow to the sea. This place is not recommended for children because there is not sufficient area for playing and prohibited to swim here.
dian ekawati suryaman;Unique waterfall. The water fall directly in to the sea/beach. This is the biggest waterfall in Madura. We must be very carefull when walking around the beach near the waterfall. Dont ever swim under the waterfall.
Arista Bayu;Although a distance from Surabaya to here is god damn so far, around 100 kilometers, but believe me that worth it at all! The waterfall drop directly into the sea, very unique. But remember, you can't swim in there because there is a hole below the waterfall.
Edwin Azmiramdhan Sulaiman (Edwin / Lemon);It is an adorable place, which is a great spot for relax and take a picture. The access is easy. But the road from Bangkalan to this area is not in a good condition. We must drive carefully. But still, must go place once before you die !
Arief Hartanto;Air terjun dipinggir pantai....luar bi …
Suria Nataadmadja;Man made waterfalls, it’s a diverted overflow from a nearby river to the sea. Ingenious though. Need to walk down 50 steps stair. There’s a small area where people can enjoy the “waterfall”
Christian Wijayanto;small waterfall, but has an easy access, near the public road. the panorama at sunset is very beautiful. you can go down below the waterfall to take some pictures, but be careful because there are many rocks around there. still it's one of several popular waterfall in Madura Island. it's recommended place to visit when you're in Madura.
Jo Ni;"Terletak di pinggir jalan.
Saat musim hujan, tangga becek dan licin."
Phoebe Yulia;Nice and interesting waterfall directly go to the sea. The problem is alot of trash on sea and the rocks around the waterfall/beach. Cheap ebtry only 5 thousand. If you go here, please no trashing. I hope people who work there can clean the place not only asking for entry fee.
James Farley;Small but beautiful. People were very nice!
Frea Renata;super dissapointing, everything isn't treated well. Many trashes are everywhere in the floors , water is pretty much brown and dirty. i dont understand why the rating is 4 tho ??. it is so different with the pics on the google, where the …
???;Sungai mengalir ke laut me …
Zainal Ritonga;Mereuen
Edo Suhartanto;"It's unique ... the water drop into the sea directly
But it is a river used by local, so the pungent smell is noticable …"
MTegar RSaputra;a good place to rest when you are on a long trip
Kita Pritasari Arumdati;Easy access, quite clean area, clear water, waterfall right next to the seaside. Good place for photographs and to just chill by the beach with running waterfall behind. Free, only fee for parking. Available toilet, bathroom, and Mushola with praying equipment inside (Qur'an, mukena, sarung, etc.)
Ken Guest;It's a waterfall falling  into the sea. Not much else to see and not particularly picturesque, but interesting enough to visit. The little warung at the top is ok, with decent food. There are toilets available.
Lufthans Arstipendy;It is adorable.. But the place is so far about 45 minutes from Sampang city, and also a bit hard to get here.. Must use your own vehicle, not really sure there is a public transport to get here..
Dullatëp;Beautiful waterfall right at the beach with sunset.
Richard K;"The unique thing is this waterfall is directly poured into the sea (beach).
The height is about 9 meter.
Easy access with lot of visitors during holiday.."
Erick Kwan;hidden mini waterfall and beach. You can see two place in one time.
gede wijaya;Nice spot for landscape photographer ?????? …
Ani Arifah;Very long drive from Bangkalan with uneven surface. Very dirty/murky water and not much space to take photos! Wasn't expecting that it's actually worst than the photos on Google search. Would not recommend this place for visit.
denny vincentius;good location fresh but hottest place
Faisal Al Shehri;Sebagai pemandangan yang sangat indah dianggap air terjun tanah yang turun ke laut.Masalahnya air air terjun itu membuang kotoran ke dalamnya.Sangat tercemar.Mereka harus menjagan …
Deni Priyo;Bagus banget..cuma sayang jalan menuju curug rusak parah..tolong diperbaiki..
Wikan Karis Basutama;A nice waterfall with a view of the sea. Recommended stopping by if you are in Madura. Close proximity to the main road. Large parking area.
Barry Russell;It’s ok. It’s water falling into the sea, so that’s cool! It would be better as a swimming area instead of just a selfie point. But for this area it’s ok to stop and check for 30mins
Baihaqi Bintang;One of the best photo spot in madura
Rakina Rahman;Beautiful waterfall .
Adam Victor Handoyo;Amazing place for landscape lover
joni pri;This place is beautiful and convenience
????:?????????? ???? ?? ??? ?? ???? ???????;"Tampilan yang menarik dan gambar yang indah seolah-olah menggambar dari imajinasi
Tapi itu butuh per …"
oscar samosir;Little waterfall and sea view.
Buhari Stisindo;Nice scenery.. Awesome
zaini Art;It's beautiful.
Rizky Analdo;Just visit madura and arrived here. Quite good place. But the access to go in it a bit hard bc we stepped on a root..
Novel firdhaus;Literally not like I'm expected, the waterfall is so small and we can't swim too no too recommended.
Kate Hall;Beautiful waterfall, and fairly rare. Easy access, with parking above.
Cing Cing;Amazing place to shot
Lazuardi Al Muzaki;hidden place ad worth, quiet from crowds though it's all accessible by any vehicles. That's make it special
Dyan Fatah;Good view, still natural. Need more manage to make the best
Paul Widjanarko;Great place to visit and taking beautiful picture of the waterfalls during Sunset
Poeng;Beautiful water falls at beach
Rose Diana Sari;Mini waterfall in north Madura Island ..
Fithra Asriyani;Besar
Selvie Liao;Nice...
Mofir;Ok
faried alvino;Air yerjun toroan sampang
Mardi Setiawan;River fall to the sea
Azura Azura;Niceeee
M. Anwarsyam Mohamad;nice spot
Natsuri Afroh;Bagu jgk ya payment danga pun bag …
Roudhotul Ilmiyah;Airnya tidak sejernih di foto
Rendy Lewerissa;Had a great view to relief stress, especially at sunset
Ali mahrus;sip
Cristian Moreno;It's OK for a nice stop and even for a tasty meal!
fnu asnawi;sampah dimana-mana.. huhu.. kecewa?? …
entop topan;nice scenery
Steven Ray W;Silence, the environment is really quite, beautiful, and fresh air.
Rohid_akram;Kor cek settong dereh
Novian3 DK;There's have a good place for your trip in island
Sigit Purnomo;Beautifull view...
Smart Foto & Video Surabaya;Landscape photography
Afrinaldi Zulhen;One of the best sea-waterfall in thr world
Reza Syahputra;Quite good place, but need more improvement.
Herlina Halim;Need more facilities to take good point of picture
Soffian Joyopranoto;Good view when the Sun in the Northern
ibnu widagdo;NIce
Graeme Ts;Nice waterfall of freshwater into the Java Sea.
Bayu K;Good place for hunting photo with wild inspiration
Salahuddin Muhammad Iqbal;Perfect place for photoshooting any surreal themes.
Akmal Rizal;Nice place to visit.. Very recommended.
Retno Tri Lestari;Nice waterfall
moh huzaini;Top
Nurul Hudi;Beautiful waterfal
Maskur Unlimited;Murni
Gandi Tan;Recommended Place
Anas Jhaya;Wow
khoiril hidayat;Perlu ditingkatkan …
Bayari Sentono Putro;Excellent view, sea front
Moh Bahri;Beautiful and wonder full beach
Ria Puspitasari;I recommended you to visit this place if you are in madura
Hendra Gunawan;Not much to do, just took some pictures
Ming Bee;cool and beautiful place to go
Abdullah Aziz;Cantik & kere …
Yudi Priyono;Beautifull
Antonius Masashi;Juga up …
A Hz;A good place for couples ?? …
My news 24;Good
Edy Sony;Sekali lagi te …
Hasani an nawawi;Bagus dan sangat bagus …
fajar mahardika;Nice and natural waterfall
Zaein Fairuzz;Bagus, suasana sejuk, keren gayzz …
Arifin LhorEezz;Benxk brit ini
El Maulidy El Madury;Is The Best
happy channel;Tempatnya cukup menye …
Rossie Vanzer;It't amazing you know
Budi Kurniawan Mugcantik;Beautiful
Abrori Majid;Sipp
Imatus Solicha;The water is so fresh
Andi Taufik;Joss
Dradjad Uripno;Beautiful Sun set
Soqui Suqeje;tempat yang sanga …
jie nug;Just an ordinary pitstop ...
Agung Setiawan;Landscape photography
AL-THUBA;Good
April Caem;Bgussssss
Samroal Launah;Beautiful waterfall
Roeji Ucil;baguus
MAS Official;Okay
Khairul Umam;Mantap
SINAR TEKNIK ABADI;ok
Anto Prabowo;Hidden gem
KADHAFI 161;Seppp
Gus imam official;Ok
Shevyn Andreas;Josssss
Minda Alzilia;Ok
hendra lesmana;Woouuuuuuuuuuuuuuuuuuuu …
Raiden YT;best place ever
DeRatu Syafruddin;Nice
Anum Barista;Good
amreen hd;Natural Beauty
Indriati Ningtyas;Like this
Helmy Setyawan;Amazing
Andi Purwanto;Sep
arief lukman hakim;Waterfall
Doel Pentol99;Cakeeeep......
Steven Chen;Good place
Suherman Yacob;nice place
ucup doank;Serru buaaget
hoiriyah hoi;Beautiful....
Abdul Wahid;Good place
Fhiina ashraf;Beautifulll.....
Basri Hailullah;Desa ku
Agus Sudrajat;Magnificent...
SYAIFUL BAHRI;Yoi
Yanto;Muaannnntaaap
;
;
;
;
;
;
;
;
;
;
;
;
;
;
;
;
;
;
;
;
;
;
;
;
;
;
;
;
;
;
;
;
;
;
;
;
;
;
;
;
;
